Feature Set,Model,MAE,RMSE,R²,Max Error,Underestimation %
Base,random_forest,6.94072689343673,17.159574050807798,0.9103023611549946,349.5594209067182,44.888564446073424
Base,xgboost,6.956177192834439,17.244673635049217,0.9094104789302002,349.8471857378972,45.21794561131561
Base,linear_regression,14.640322606526428,26.09612670671538,0.7925468138309295,419.84369199939084,56.907202184022395
