{
  "model": "logistic_regression",
  "variant": "engineered",
  "cv_mean_accuracy": 0.8940983333333333,
  "cv_std": 0.0011562078821157722,
  "cv_scores": [
    0.8944833333333333,
    0.8933416666666667,
    0.8922916666666667,
    0.8955916666666667,
    0.8947833333333334
  ],
  "cv_mean_roc_auc": 0.9683471391342817,
  "cv_std_roc_auc": 0.00042270401449662947,
  "cv_scores_roc_auc": [
    0.9685910449535332,
    0.9678389716888766,
    0.9680100398505909,
    0.9690227968012544,
    0.968272842377154
  ]
}