{
  "model": "logistic_regression",
  "cv_mean_accuracy": 0.8940983333333333,
  "cv_std": 0.0011562078821157722,
  "cv_scores": [
    0.8944833333333333,
    0.8933416666666667,
    0.8922916666666667,
    0.8955916666666667,
    0.8947833333333334
  ]
}