{
  "model": "logistic_regression",
  "variant": "basic",
  "cv_mean_accuracy": 0.8476233333333333,
  "cv_std": 0.0011596623071681693,
  "cv_scores": [
    0.848,
    0.84655,
    0.8462833333333334,
    0.8477583333333333,
    0.849525
  ],
  "cv_mean_roc_auc": 0.9341252886314086,
  "cv_std_roc_auc": 0.0007556725432457402,
  "cv_scores_roc_auc": [
    0.9340007996952935,
    0.9334814994447377,
    0.9332009531830324,
    0.9352346320866971,
    0.9347085587472826
  ]
}