{
  "model": "random_forest",
  "cv_mean_accuracy": 0.8924233333333333,
  "cv_std": 0.0009389917760851705,
  "cv_scores": [
    0.8926416666666667,
    0.891575,
    0.8912333333333333,
    0.8938666666666667,
    0.8928
  ]
}