{
  "model": "random_forest",
  "variant": "basic",
  "cv_mean_accuracy": 0.8439733333333332,
  "cv_std": 0.0013589150083798296,
  "cv_scores": [
    0.8434666666666667,
    0.8429916666666667,
    0.8423083333333333,
    0.8451833333333333,
    0.8459166666666667
  ],
  "cv_mean_roc_auc": 0.9280670087041901,
  "cv_std_roc_auc": 0.0007191055989377468,
  "cv_scores_roc_auc": [
    0.9282836397268942,
    0.9271122251583047,
    0.9274061091631347,
    0.9290917747630862,
    0.928441294709531
  ]
}