{
  "model": "random_forest",
  "variant": "engineered",
  "cv_mean_accuracy": 0.8924283333333334,
  "cv_std": 0.0009468749770810393,
  "cv_scores": [
    0.8927166666666667,
    0.8915416666666667,
    0.891225,
    0.89385,
    0.8928083333333333
  ],
  "cv_mean_roc_auc": 0.9683600336535726,
  "cv_std_roc_auc": 0.0006446484980594327,
  "cv_scores_roc_auc": [
    0.9687047139716668,
    0.9676891097254532,
    0.9674837140726129,
    0.9690559193428387,
    0.9688667111552913
  ]
}