{
  "model": "xgboost",
  "variant": "basic",
  "cv_mean_accuracy": 0.8657366666666666,
  "cv_std": 0.0010120743275295872,
  "cv_scores": [
    0.8658416666666666,
    0.8650333333333333,
    0.8648666666666667,
    0.8652916666666667,
    0.86765
  ],
  "cv_mean_roc_auc": 0.9492845931320556,
  "cv_std_roc_auc": 0.0005089931907797555,
  "cv_scores_roc_auc": [
    0.9496436367505714,
    0.9487251771736271,
    0.9487193597014449,
    0.9500144888563029,
    0.9493203031783317
  ]
}