{
  "model": "xgboost",
  "cv_mean_accuracy": 0.9128416666666667,
  "cv_std": 0.0008860649587423642,
  "cv_scores": [
    0.9132833333333333,
    0.9128,
    0.9112,
    0.9131,
    0.913825
  ]
}