{
  "model": "xgboost",
  "variant": "engineered",
  "cv_mean_accuracy": 0.91293,
  "cv_std": 0.0008030947086807977,
  "cv_scores": [
    0.9135833333333333,
    0.9125666666666666,
    0.911575,
    0.9131,
    0.913825
  ],
  "cv_mean_roc_auc": 0.9790960793279954,
  "cv_std_roc_auc": 0.00041570652746531086,
  "cv_scores_roc_auc": [
    0.9796317059851627,
    0.9788358051371928,
    0.9784370833707844,
    0.9793157773981891,
    0.9792600247486478
  ]
}